numero_habitacion,categoria,tarifa_por_noche,restaurante_name
1,Deluxe,406.57,Lowe-Cabrera
2,Estandar,472.84,"Rodriguez, Lee and Smith"
3,Economica,82.01,Bennett Ltd
4,Economica,250.92,"Ellis, Garcia and Singleton"
5,Estandar,177.65,Morrow-Patel
6,Economica,73.25,Estrada Inc
7,Estandar,93.14,Vaughn and Sons
8,Estandar,68.78,"Ruiz, Hines and Osborne"
9,Economica,436.17,Watkins-Hayes
10,Economica,493.61,Mendoza and Sons
11,Estandar,88.47,Thompson and Sons
12,Deluxe,145.11,Choi PLC
13,Deluxe,292.51,Lyons-Juarez
14,Economica,336.19,"Brennan, Schmidt and Davis"
15,Economica,68.26,"Davis, Torres and Ray"
16,Deluxe,112.33,Johnson PLC
17,Economica,362.08,"Smith, Dalton and Garcia"
18,Estandar,60.02,"Fuller, Cohen and Salas"
19,Deluxe,114.63,"Graham, Jones and Watson"
20,Deluxe,210.73,Taylor Group
21,Estandar,464.69,"Haynes, Townsend and Delgado"
22,Deluxe,421.86,Finley-Anderson
23,Estandar,346.39,Moore Ltd
24,Deluxe,125.53,"Dean, Jennings and Johnson"
25,Estandar,200.05,Williams-Garcia
26,Estandar,158.45,Crawford Inc
27,Economica,296.54,"Ibarra, Rocha and Gonzalez"
28,Deluxe,361.05,Navarro PLC
29,Estandar,387.61,Church-Rich
30,Deluxe,172.95,"Wilson, Welch and Holloway"
31,Estandar,323.68,Chan Group
32,Estandar,139.75,"Harvey, Rose and Booker"
33,Deluxe,499.53,"Hernandez, Johns and Nash"
34,Deluxe,246.36,"Frazier, Chambers and Ellis"
35,Economica,196.52,Ortiz and Sons
36,Estandar,255.17,"Chan, Beck and Miller"
37,Deluxe,180.99,Tran LLC
38,Economica,285.77,"Jackson, Gomez and Bean"
39,Deluxe,369.36,Page PLC
40,Estandar,381.9,"Wilson, Williams and Cook"
41,Estandar,468.42,Garner Ltd
42,Deluxe,380.01,"Young, Guzman and Evans"
43,Economica,214.99,Collins-Rose
44,Estandar,53.9,"White, Smith and Obrien"
45,Deluxe,455.26,"Norton, Cox and Hansen"
46,Deluxe,356.75,Hawkins-Bennett
47,Economica,76.87,Carpenter-Swanson
48,Estandar,61.31,Elliott-Thomas
49,Deluxe,454.66,Wilson-Dunn
50,Economica,256.59,"Moran, Horton and Scott"
51,Deluxe,466.06,"Horne, Sutton and Hernandez"
52,Economica,454.52,"Ramirez, Russell and Long"
53,Estandar,137.39,Ross PLC
54,Estandar,204.43,"Dean, Gray and Schmidt"
55,Deluxe,353.12,"Jenkins, Gonzalez and Ford"
56,Deluxe,56.21,Ochoa Inc
57,Deluxe,143.42,"Barry, Sanders and Taylor"
58,Economica,467.06,Ortega-Simpson
59,Deluxe,64.14,Hall-Miller
60,Estandar,320.41,Burke-Smith
61,Deluxe,429.47,Parsons Ltd
62,Deluxe,302.95,Arias Group
63,Estandar,137.83,Caldwell-Dodson
64,Estandar,120.11,Kelly-Reese
65,Estandar,330.96,Lucas PLC
66,Economica,320.69,Campos Inc
67,Economica,343.72,"Gordon, Jones and Harris"
68,Estandar,128.42,"Roberts, Campbell and Duran"
69,Estandar,119.06,Thomas Ltd
70,Estandar,191.72,Brewer-Griffith
71,Economica,405.36,"Sanchez, Young and Hoffman"
72,Economica,416.77,Wong and Sons
73,Deluxe,451.34,Underwood-Allen
74,Estandar,417.09,Evans PLC
75,Estandar,92.28,Cox Ltd
76,Deluxe,170.55,Brown Ltd
77,Economica,161.56,Taylor LLC
78,Deluxe,249.93,Boyd-Sanders
79,Economica,394.65,"Griffin, Scott and Mosley"
80,Economica,157.93,"Johnson, Johnson and Sandoval"
81,Economica,221.28,"Lara, Harvey and Wright"
82,Estandar,237.73,"Barajas, Peck and Strong"
83,Estandar,142.7,"Rivera, Crane and Harrison"
84,Estandar,252.87,Bishop-Burke
85,Economica,103.59,"Jackson, White and Jenkins"
86,Estandar,419.21,Martin PLC
87,Deluxe,122.51,Lawrence LLC
88,Estandar,188.76,"Holt, Parrish and Bartlett"
89,Economica,356.73,Chambers Inc
90,Economica,226.79,"Villarreal, Bailey and Martin"
91,Deluxe,401.85,Rice-Spears
92,Estandar,57.23,"Rose, Gonzalez and Pham"
93,Estandar,379.34,"Sanchez, Green and Obrien"
94,Economica,60.0,Parker Ltd
95,Deluxe,463.07,Martin-Mann
96,Economica,274.0,Cook-Cole
97,Estandar,62.84,Smith and Sons
98,Economica,396.62,Mcdonald Group
99,Economica,228.05,Munoz PLC
100,Deluxe,309.04,"Fitzgerald, Martin and Myers"
101,Economica,471.18,Smith-Simmons
102,Economica,52.58,Moore-Ferguson
103,Deluxe,69.44,Brady-Austin
104,Deluxe,199.1,Butler Group
105,Deluxe,314.01,Davis and Sons
106,Estandar,360.32,"Garcia, Romero and Johnson"
107,Estandar,400.1,Lee PLC
108,Deluxe,246.24,Graham-Knight
109,Deluxe,483.66,Smith Ltd
110,Estandar,87.69,"Stewart, Hanson and Wallace"
111,Estandar,309.71,"Curry, Duncan and Mercado"
112,Deluxe,273.95,"Reid, Wright and Taylor"
113,Estandar,390.0,Stewart LLC
114,Estandar,315.62,Norton-Zavala
115,Economica,207.61,"Gentry, Franklin and Boyd"
116,Economica,461.32,Stevens Group
117,Economica,185.74,Ellis Ltd
118,Economica,395.86,"Spencer, Ramirez and Mcgrath"
119,Estandar,300.81,Reynolds-Kelley
120,Estandar,186.87,"Jones, Case and Moreno"
121,Economica,64.97,Miller Inc
122,Deluxe,221.44,Singleton-Glass
123,Deluxe,239.12,"Rivera, Sherman and Butler"
124,Estandar,371.33,"Neal, Waters and Mitchell"
125,Deluxe,380.43,Jackson-Brown
126,Estandar,420.04,Odom-May
127,Estandar,107.14,Rhodes-Mcgee
128,Economica,450.92,Phillips-Doyle
129,Estandar,213.95,Mcbride-Salazar
130,Deluxe,385.04,Gonzales Ltd
131,Economica,408.74,"Odom, Singh and Martinez"
132,Economica,202.86,"Brady, Williams and Spencer"
133,Deluxe,436.42,Gould LLC
134,Economica,101.19,"Rodriguez, Ortega and Ortiz"
135,Economica,354.67,Potts and Sons
136,Deluxe,78.3,"Davis, Gonzalez and Martinez"
137,Deluxe,122.07,"Gonzalez, Williams and Blanchard"
138,Economica,472.59,Munoz and Sons
139,Economica,201.04,Richards-Arnold
140,Estandar,217.4,"Holder, Flores and Bennett"
141,Economica,359.13,Bradley-Aguilar
142,Estandar,210.69,Schmidt Ltd
143,Economica,263.59,Carter-Salas
144,Deluxe,461.53,Duncan PLC
145,Deluxe,125.75,Young-Carlson
146,Deluxe,393.47,Young-Harris
147,Deluxe,133.28,Dixon-Robinson
148,Estandar,293.77,"Vaughn, Drake and White"
149,Deluxe,366.47,Adams Group
150,Economica,318.49,Rios-Thompson
151,Deluxe,241.91,"Johnston, Sheppard and Kramer"
152,Deluxe,398.05,"English, Lewis and Russell"
153,Estandar,305.04,Knight and Sons
154,Deluxe,497.44,"Zavala, King and Thomas"
155,Estandar,360.35,"Burton, Lee and Edwards"
156,Deluxe,245.06,"Foster, Tucker and Park"
157,Deluxe,393.03,Watson-Berry
158,Deluxe,241.66,Morgan Ltd
159,Economica,426.55,Torres Group
160,Economica,96.05,Haley-Mcintyre
161,Economica,195.46,"Turner, Gray and Thomas"
162,Economica,120.44,Klein-Simpson
163,Deluxe,427.2,Cook-Richardson
164,Estandar,470.37,Patel Group
165,Economica,419.55,"Adams, Shea and Weiss"
166,Estandar,256.19,Perez Inc
167,Economica,403.39,Clark Inc
168,Economica,477.19,"Diaz, Murray and Smith"
169,Economica,59.54,Robinson-Scott
170,Deluxe,345.19,Lewis Group
171,Economica,479.52,Brown-Colon
172,Estandar,238.45,"Gonzalez, Mitchell and Burnett"
173,Economica,420.3,"Crawford, Yates and Weiss"
174,Economica,201.85,Chavez-Mendoza
175,Estandar,129.3,"Anderson, Adams and Leonard"
176,Deluxe,224.77,Woods Group
177,Estandar,133.64,"Anderson, Hudson and Wheeler"
178,Estandar,317.71,"Moore, Whitney and Thompson"
179,Deluxe,140.7,Woodard LLC
180,Estandar,278.52,Gordon PLC
181,Estandar,68.86,Green LLC
182,Estandar,477.69,Romero-Ward
183,Deluxe,202.12,Bennett-Hunter
184,Deluxe,154.5,Pham-Sherman
185,Deluxe,109.77,"Abbott, Fuller and Potts"
186,Deluxe,468.59,Payne Ltd
187,Economica,321.78,Brown-Velasquez
188,Deluxe,195.17,Walker-Hill
189,Deluxe,253.08,Gonzalez Ltd
190,Economica,147.17,"Gregory, Fernandez and Thornton"
191,Estandar,205.95,Schultz Group
192,Estandar,215.64,Hays-Finley
193,Deluxe,118.64,"Jones, Baxter and Mcknight"
194,Economica,137.43,"Bell, Avery and Kelly"
195,Estandar,289.05,"Morgan, Gay and Price"
196,Economica,332.4,Proctor-Buckley
197,Estandar,257.84,Hernandez-Taylor
198,Deluxe,197.07,"Evans, Gibson and Aguilar"
199,Estandar,196.68,"Sullivan, Mendoza and Cunningham"
200,Deluxe,478.98,"Brock, Harris and Velazquez"
201,Estandar,379.66,Jones-Briggs
202,Estandar,454.22,Colon and Sons
203,Economica,371.04,"Jacobson, Miller and Moore"
204,Economica,155.62,Gonzalez-Harris
205,Deluxe,112.12,Tate-Higgins
206,Economica,127.48,Black-Harris
207,Economica,141.25,Larson-Taylor
208,Economica,409.28,Keller-Williams
209,Economica,259.86,Bowman-Beck
210,Estandar,253.98,Smith Ltd
211,Estandar,186.72,Kirby LLC
212,Deluxe,270.27,Navarro-Duran
213,Estandar,366.38,"Young, Barr and Hayes"
214,Deluxe,415.96,Herman-Gomez
215,Estandar,310.24,"Miles, Wheeler and Brown"
216,Deluxe,118.68,Smith-Patterson
217,Deluxe,317.37,Wilson Ltd
218,Deluxe,403.27,Gutierrez PLC
219,Estandar,388.24,Ellis-Tran
220,Economica,339.7,"Wolfe, Hernandez and Young"
221,Estandar,219.27,Haney Ltd
222,Estandar,87.88,Warren Inc
223,Deluxe,84.82,"Johnson, Martinez and Sutton"
224,Estandar,465.59,Mcgee PLC
225,Estandar,486.09,"Garcia, Barrett and Sanders"
226,Estandar,93.32,Vargas-Robinson
227,Economica,190.89,Crawford-Patrick
228,Economica,314.19,Stevenson-Huffman
229,Deluxe,467.77,Thornton Group
230,Estandar,81.82,"Mcgrath, Smith and Vaughan"
231,Deluxe,73.71,Roach-Ray
232,Economica,496.37,Maldonado and Sons
233,Deluxe,58.68,"Wheeler, Cardenas and Meyer"
234,Economica,417.28,"Harper, Barber and Mason"
235,Deluxe,219.87,"Davis, Jenkins and Hickman"
236,Economica,420.15,Rivas-Wright
237,Estandar,308.49,Rodriguez Inc
238,Estandar,110.69,Burch-Gamble
239,Estandar,343.06,"Greer, Mccall and Scott"
240,Estandar,361.96,Kim PLC
241,Deluxe,394.74,"Ho, Wilson and Serrano"
242,Economica,304.98,Olson-Tate
243,Deluxe,295.43,Miller Ltd
244,Economica,52.65,"Mclaughlin, Gonzalez and Hernandez"
245,Estandar,237.71,Anderson PLC
246,Estandar,294.5,Schneider-Forbes
247,Deluxe,207.02,Marquez-Weiss
248,Estandar,119.19,Jones-Jarvis
249,Estandar,434.23,"Alvarado, Richardson and Vasquez"
250,Deluxe,214.69,Giles-Moreno
251,Estandar,183.51,Rogers-Hensley
252,Economica,227.01,Petersen PLC
253,Deluxe,108.79,Anderson-Paul
254,Deluxe,394.02,Mills Group
255,Deluxe,89.04,Juarez-Chase
256,Economica,245.43,Davis-Gonzalez
257,Deluxe,147.06,"Wise, Woodard and Ochoa"
258,Estandar,337.38,Pierce-Hatfield
259,Economica,367.19,Collins and Sons
260,Deluxe,170.56,Calhoun PLC
261,Economica,108.65,Williams and Sons
262,Economica,431.91,Cooper-Keller
263,Economica,399.41,Gonzalez Inc
264,Economica,150.76,"Mcfarland, Garner and Wells"
265,Deluxe,394.75,"Holt, Mays and Santiago"
266,Estandar,247.37,Anderson-Sweeney
267,Deluxe,195.59,Davis Group
268,Economica,406.13,"Heath, Thompson and Sellers"
269,Deluxe,353.36,Cox-Villegas
270,Deluxe,274.37,Townsend Group
271,Deluxe,387.27,"Carter, Ruiz and Novak"
272,Economica,220.22,"Howe, Rivera and May"
273,Estandar,333.83,"Crawford, Brown and Frank"
274,Estandar,289.34,Gilbert LLC
275,Estandar,305.65,Ruiz and Sons
276,Estandar,459.51,Benjamin-Hayes
277,Estandar,188.43,Howard and Sons
278,Economica,90.35,Cruz-Hampton
279,Deluxe,426.01,"Padilla, Aguirre and Pena"
280,Estandar,221.36,"Richards, Singh and Jones"
281,Deluxe,434.27,Vargas Ltd
282,Estandar,65.18,"Jackson, Montoya and Ross"
283,Economica,486.81,Lyons-Daniels
284,Estandar,472.64,Ewing-Miller
285,Economica,154.24,"Smith, Huber and Martinez"
286,Deluxe,434.72,Lawrence-Simon
287,Deluxe,478.0,Gilbert-Johnson
288,Deluxe,281.88,"Chase, Miller and Johnson"
289,Economica,178.0,"Martinez, Coleman and Bell"
290,Estandar,405.98,Johnston Ltd
291,Economica,496.76,Moore Ltd
292,Deluxe,309.26,Hamilton-Lopez
293,Economica,141.63,Hawkins-Smith
294,Estandar,448.63,"Morton, Fisher and Myers"
295,Estandar,122.37,Johnson-Kelly
296,Deluxe,278.48,"Lowery, Christensen and Scott"
297,Deluxe,319.93,Norris and Sons
298,Estandar,243.65,Allen Ltd
299,Economica,68.17,Williams Group
300,Economica,160.29,Johnson LLC
301,Economica,137.5,"Barber, Brock and Hampton"
302,Estandar,262.41,Mathews-Sanchez
303,Deluxe,172.25,"Johnston, Turner and Saunders"
304,Estandar,303.65,Banks-Hicks
305,Deluxe,446.87,Lee-Sexton
306,Estandar,153.5,Lewis Group
307,Estandar,477.0,Gilbert and Sons
308,Deluxe,365.01,Edwards Group
309,Economica,57.63,"Martin, White and May"
310,Estandar,260.64,Hickman-Martinez
311,Economica,81.44,Medina Ltd
312,Deluxe,77.66,Turner Ltd
313,Estandar,62.03,Jensen Inc
314,Estandar,145.06,Dillon-Torres
315,Estandar,481.16,Arnold PLC
316,Economica,154.44,Walker Ltd
317,Economica,461.78,Collier-Palmer
318,Estandar,424.0,Ramirez-Lester
319,Deluxe,170.55,Watson-Simon
320,Economica,270.27,Bautista Ltd
321,Deluxe,324.55,"Collins, Murphy and Carey"
322,Deluxe,430.91,"Roberts, Johnson and Valdez"
323,Estandar,182.66,"Snyder, Brown and Tyler"
324,Deluxe,127.05,"Herrera, Miller and Barnes"
325,Estandar,230.35,Fleming LLC
326,Deluxe,349.24,Contreras Ltd
327,Economica,166.04,Little-Young
328,Deluxe,485.72,"Thompson, Wood and Roth"
329,Economica,161.46,Yang LLC
330,Estandar,417.93,Nelson and Sons
331,Deluxe,305.98,Rodriguez-Black
332,Economica,354.35,"Taylor, Lindsey and Tate"
333,Estandar,207.86,"Foster, Clark and Perkins"
334,Estandar,296.84,"Brown, Brown and Chaney"
335,Economica,93.86,Wilson-Trujillo
336,Economica,159.7,"Mccoy, Lynn and Farmer"
337,Estandar,451.42,"Guerrero, West and Morris"
338,Estandar,282.08,"Willis, Kim and Steele"
339,Economica,287.04,Patel-Ramirez
340,Estandar,137.16,Cohen-Newman
341,Economica,224.68,"Burgess, Roberts and Hart"
342,Deluxe,417.3,"Perez, Morgan and Daugherty"
343,Economica,472.79,Brewer-Stephens
344,Economica,115.01,Shaffer-Johnson
345,Deluxe,490.52,West-Morris
346,Deluxe,240.98,Green-Houston
347,Deluxe,296.17,Sanchez LLC
348,Deluxe,254.53,Gonzalez-Jacobs
349,Economica,83.12,Floyd PLC
350,Estandar,395.96,"Bell, Williamson and Wells"
351,Economica,395.51,Chandler-Garrison
352,Estandar,288.52,Miller-Baker
353,Deluxe,105.97,Campbell-Pope
354,Economica,319.3,"Graves, Vance and Rios"
355,Economica,87.07,"Palmer, Hall and Delgado"
356,Economica,386.89,"Stewart, Reyes and Jacobs"
357,Estandar,247.68,Rowe Inc
358,Estandar,406.5,"Fowler, Patton and Kennedy"
359,Estandar,320.94,Hernandez Ltd
360,Economica,288.85,Jensen-Scott
361,Deluxe,449.91,Reyes-Sims
362,Estandar,442.28,"Richardson, Oneal and Jones"
363,Estandar,405.71,Sullivan-Kemp
364,Estandar,181.34,Martin-Day
365,Estandar,473.3,Harrison Ltd
366,Estandar,272.92,Sampson-Allen
367,Estandar,266.04,"Richardson, Chen and Moore"
368,Economica,305.1,Franklin-Martinez
369,Estandar,280.85,Schmidt Inc
370,Deluxe,301.22,"Kirby, Miller and Guzman"
371,Deluxe,309.24,Keller-Ward
372,Deluxe,134.66,"Patterson, Ferguson and Garcia"
373,Deluxe,347.31,Hernandez-Weber
374,Estandar,259.42,Cherry Group
375,Deluxe,53.5,Roach LLC
376,Deluxe,168.26,"Steele, Hunt and Bennett"
377,Deluxe,64.62,Sullivan PLC
378,Estandar,415.05,"Johnson, Huffman and Lee"
379,Economica,395.33,"Anthony, Wilcox and Alvarado"
380,Estandar,116.08,"Johnson, Mcbride and Nicholson"
381,Estandar,99.49,Shaw and Sons
382,Estandar,324.72,Johnson-Lee
383,Estandar,466.59,"Cox, Hopkins and Cruz"
384,Estandar,216.64,Davis and Sons
385,Economica,443.41,"Rich, Miller and Rivera"
386,Economica,291.81,Dunn LLC
387,Estandar,213.25,Thompson and Sons
388,Estandar,272.82,Turner LLC
389,Economica,180.22,Coleman-Marshall
390,Estandar,164.68,Brown and Sons
391,Estandar,330.61,Gonzales Inc
392,Economica,494.8,Taylor Ltd
393,Estandar,270.48,Terry LLC
394,Economica,433.91,Hamilton and Sons
395,Economica,309.12,Brooks-Garcia
396,Economica,166.47,"Buchanan, Wilkinson and Barrett"
397,Economica,123.01,"Gomez, Davis and Walls"
398,Economica,246.69,Fox-Cruz
399,Deluxe,292.38,"Lindsey, Williams and Owens"
400,Estandar,358.41,"Wade, Jones and Arellano"
401,Estandar,257.15,White-Gray
402,Economica,418.25,"Vazquez, Harvey and Nelson"
403,Estandar,219.84,"Johnson, Cameron and Farley"
404,Economica,343.67,Davis LLC
405,Estandar,328.67,Martin-Robinson
406,Economica,55.9,Phillips-Bush
407,Deluxe,367.32,Cameron-Kim
408,Economica,329.09,Hill-Adams
409,Deluxe,442.58,Patel-Bruce
410,Economica,483.42,"Douglas, Cook and Johnson"
411,Deluxe,137.6,Roberts-Lopez
412,Estandar,344.45,Evans-Garrett
413,Deluxe,379.67,Morales-Solis
414,Estandar,91.42,Cross-Williams
415,Economica,309.36,"Douglas, Summers and Rios"
416,Deluxe,172.44,"Hampton, Parker and Carter"
417,Economica,296.11,Johnson PLC
418,Estandar,113.89,Boyer Group
419,Economica,188.34,"Hudson, Booth and Herrera"
420,Estandar,353.85,Hill-Wolf
421,Deluxe,70.19,Paul PLC
422,Estandar,234.94,"Harper, Wright and Huff"
423,Deluxe,68.25,Morales LLC
424,Estandar,78.49,Cox-Reeves
425,Deluxe,243.79,Smith-Thompson
426,Economica,115.66,Henson Inc
427,Estandar,398.81,Berry-Ford
428,Estandar,345.13,Anderson Inc
429,Deluxe,352.84,"Cochran, Dominguez and Reilly"
430,Estandar,81.49,"Baker, Hunter and Owens"
431,Deluxe,89.02,Burton-Williams
432,Deluxe,321.69,"Johnson, Perez and Jones"
433,Economica,409.69,Hubbard Group
434,Economica,55.23,"Hansen, Anderson and Powers"
435,Deluxe,411.04,Lyons Ltd
436,Estandar,60.24,"Santiago, Jones and Harris"
437,Deluxe,400.62,Johnson LLC
438,Economica,160.16,Harris-Mcmahon
439,Estandar,272.57,Johnson-Mack
440,Deluxe,70.51,Ferguson Group
441,Economica,454.34,"Williams, Herrera and Ali"
442,Economica,372.49,"David, Phillips and Hines"
443,Deluxe,319.9,"Martinez, Ortiz and Herrera"
444,Estandar,418.32,"Cannon, Price and Gordon"
445,Deluxe,374.93,"Shelton, Harvey and Park"
446,Economica,145.95,Meyers-Cobb
447,Estandar,486.9,"Monroe, Molina and West"
448,Deluxe,96.67,Austin-Jones
449,Deluxe,284.93,Eaton-Mason
450,Economica,476.48,Gonzalez Group
451,Economica,164.86,Rivera-Gomez
452,Estandar,384.31,"Durham, Hall and Stone"
453,Economica,51.47,Burns-Ortiz
454,Deluxe,439.42,Harris-Hernandez
455,Economica,339.87,"Maldonado, Weeks and Griffin"
456,Deluxe,262.95,"Lambert, Rodgers and Friedman"
457,Estandar,73.93,"Henson, Phillips and Cantu"
458,Estandar,63.09,Peterson PLC
459,Economica,326.27,Davis-Garcia
460,Deluxe,209.07,Parker Ltd
461,Deluxe,95.58,"Walker, Henry and Medina"
462,Estandar,227.02,Perez Group
463,Economica,495.22,Smith-Baker
464,Deluxe,378.82,Morgan-Mckee
465,Estandar,362.36,Medina-White
466,Deluxe,83.42,"Marsh, Guzman and Ortiz"
467,Economica,54.37,Clark Inc
468,Economica,267.1,"Gates, Reed and Weiss"
469,Estandar,456.14,Donaldson Ltd
470,Estandar,466.88,"Simmons, Swanson and Perez"
471,Economica,241.27,Houston-Duran
472,Estandar,317.81,"Brown, Davenport and Livingston"
473,Economica,235.34,Zhang Inc
474,Deluxe,247.95,Bates Inc
475,Deluxe,486.08,"Chambers, Potter and Henderson"
476,Estandar,96.31,Ferguson Inc
477,Economica,307.89,Brown PLC
478,Deluxe,298.66,"Mcguire, Vega and Matthews"
479,Estandar,407.57,"Sherman, Webb and Smith"
480,Deluxe,240.82,"Lowery, Sellers and Ellison"
481,Deluxe,216.02,Best-Goodwin
482,Economica,115.09,"Scott, Prince and Beard"
483,Deluxe,229.04,Mitchell PLC
484,Economica,370.65,Barrera-Bryant
485,Estandar,197.15,"Hoffman, Kim and Lopez"
486,Deluxe,488.1,"Benitez, Barnes and Norris"
487,Economica,483.95,"Wang, Porter and Monroe"
488,Estandar,314.37,Hudson and Sons
489,Estandar,99.68,"Burns, Valentine and Harper"
490,Economica,60.84,"Simpson, Watkins and Salas"
491,Economica,188.51,James LLC
492,Economica,306.12,Simmons-Stone
493,Economica,306.0,Lopez-Jones
494,Deluxe,96.93,"Calderon, Gray and Fleming"
495,Deluxe,361.36,Lucas-Nguyen
496,Estandar,124.87,Frederick-Warner
497,Economica,129.99,Olsen and Sons
498,Deluxe,457.8,Collins-Castro
499,Estandar,200.79,Bailey LLC
500,Estandar,337.78,Nelson Ltd
501,Deluxe,151.97,"Poole, Baker and Thomas"
502,Deluxe,100.88,Baker Inc
503,Deluxe,82.51,Taylor-Thomas
504,Deluxe,346.94,Martinez PLC
505,Estandar,359.42,Acosta LLC
506,Estandar,212.65,Nichols-Bullock
507,Deluxe,346.75,"Lewis, Rosales and Cummings"
508,Estandar,285.55,Hall-Graham
509,Economica,276.29,"Marshall, Kelly and Perez"
510,Estandar,121.91,Richmond Inc
511,Estandar,321.19,Gates Inc
512,Economica,271.53,"Richmond, Merritt and Whitney"
513,Economica,71.76,Moore-Reed
514,Economica,447.29,"White, Griffin and Burns"
515,Deluxe,60.66,Thompson Inc
516,Estandar,180.87,"Smith, Castaneda and Brown"
517,Deluxe,106.24,Robinson LLC
518,Estandar,488.44,Garcia PLC
519,Deluxe,385.9,Washington PLC
520,Economica,274.11,Cooley-Weber
521,Economica,413.68,Allen and Sons
522,Deluxe,256.86,Anderson Inc
523,Estandar,268.98,Francis PLC
524,Estandar,333.3,Shields-Mccullough
525,Deluxe,395.92,"Wilson, Shaw and Warren"
526,Economica,324.79,Davis Ltd
527,Estandar,458.09,Mcmahon-Phillips
528,Deluxe,421.75,House-Stephens
529,Estandar,384.0,"Mays, Arnold and Mendez"
530,Economica,493.37,"Mccullough, Hess and Carter"
531,Deluxe,367.12,"Barber, Nunez and Gill"
532,Economica,479.59,Douglas and Sons
533,Estandar,395.86,Morales Ltd
534,Economica,85.21,Jordan-Wong
535,Estandar,170.87,Kemp-Nelson
536,Economica,374.16,Stout-Chapman
537,Estandar,379.41,Miles LLC
538,Economica,254.53,Hernandez Inc
539,Estandar,443.45,Garcia-Smith
540,Economica,330.86,"Reed, Hernandez and Garcia"
541,Deluxe,363.03,Wright-Colon
542,Deluxe,307.91,Smith-Davidson
543,Economica,496.5,Harper-Pacheco
544,Deluxe,492.04,"Orozco, Huffman and Vargas"
545,Economica,51.0,Frazier-Rasmussen
546,Estandar,251.47,Green-Howard
547,Deluxe,92.94,"Flores, Matthews and Lee"
548,Deluxe,234.15,"Thompson, Lara and King"
549,Economica,440.38,"Miller, Martinez and Nichols"
550,Deluxe,201.29,"Alexander, Allison and Serrano"
551,Economica,78.64,"Allen, Williams and Adams"
552,Economica,158.39,Smith-Thompson
553,Estandar,292.28,"Aguilar, Keller and Barnett"
554,Deluxe,287.48,"Douglas, Kirby and Shaw"
555,Deluxe,437.4,Barrera and Sons
556,Deluxe,405.29,Nelson-Solis
557,Economica,253.47,"Johnson, Kennedy and Young"
558,Estandar,393.87,Brown-Smith
559,Estandar,173.21,Lawson-Torres
560,Estandar,127.08,Guerrero-Olson
561,Estandar,398.13,"Moss, Hale and Cruz"
562,Economica,298.48,"Campos, Lopez and Montgomery"
563,Estandar,392.43,Castillo-York
564,Deluxe,412.83,"Mcdonald, Rodriguez and Horton"
565,Estandar,254.61,"Li, Nguyen and Bernard"
566,Deluxe,398.24,"Elliott, Sloan and Blake"
567,Estandar,419.3,Gonzalez PLC
568,Economica,241.73,Johnson LLC
569,Economica,185.92,Morgan PLC
570,Economica,452.98,Payne-Haas
571,Estandar,262.19,Wong Group
572,Estandar,114.55,"Hernandez, Carlson and Lawson"
573,Estandar,355.83,"Dougherty, Olsen and Tate"
574,Economica,115.01,Carr LLC
575,Estandar,239.76,Walsh Inc
576,Economica,455.22,Serrano PLC
577,Economica,202.49,Hernandez and Sons
578,Estandar,73.15,"Jones, Mejia and Webb"
579,Estandar,176.4,Peterson-Berry
580,Estandar,423.73,Blackwell PLC
581,Economica,223.5,Holt-Wu
582,Deluxe,392.01,Barr-Johnson
583,Economica,184.82,Roth-Alexander
584,Economica,438.69,"Campbell, Stevens and Moore"
585,Economica,472.51,"Lawrence, Phelps and Davis"
586,Deluxe,489.54,Johnson-Mann
587,Estandar,207.58,Underwood-Mendoza
588,Deluxe,469.04,Coleman and Sons
589,Estandar,51.03,Brown-Vargas
590,Deluxe,125.74,Flores Inc
591,Deluxe,116.66,Baker-Harrison
592,Estandar,297.19,"Perez, Le and Chavez"
593,Deluxe,328.86,Hall PLC
594,Deluxe,72.22,Elliott-Cruz
595,Deluxe,314.39,Smith-Bolton
596,Economica,354.11,"Smith, Douglas and Hernandez"
597,Economica,248.41,Lopez-Jackson
598,Economica,238.81,"Arroyo, Baker and Martinez"
599,Deluxe,353.15,Adams Ltd
600,Economica,353.42,"Miller, Graves and Johnson"
601,Economica,55.62,Leblanc-Scott
602,Economica,343.34,Reed-Salas
603,Economica,210.81,Perez PLC
604,Economica,343.59,"Reeves, Medina and Boyd"
605,Estandar,403.83,Little Group
606,Deluxe,255.81,Garza-Ortiz
607,Estandar,106.58,Boyd PLC
608,Deluxe,464.77,"Ross, Dominguez and Bennett"
609,Estandar,139.1,Miller-White
610,Economica,421.83,Ball-White
611,Deluxe,112.64,Williams-Mitchell
612,Deluxe,326.26,"Phelps, Parker and Price"
613,Economica,179.28,"Page, Brady and Jackson"
614,Deluxe,236.69,Kline and Sons
615,Deluxe,143.07,Lopez PLC
616,Economica,110.35,"Lowery, Lopez and Barrera"
617,Economica,209.15,Cross PLC
618,Estandar,282.37,Owens Ltd
619,Deluxe,163.52,Brown LLC
620,Deluxe,237.02,"Burch, Garcia and Ward"
621,Estandar,139.29,Watts Inc
622,Economica,355.64,Banks-Christensen
623,Economica,58.06,Tapia Group
624,Deluxe,120.29,Jordan Group
625,Economica,375.4,Brown LLC
626,Estandar,62.08,Klein LLC
627,Economica,270.41,"Jackson, Collins and Khan"
628,Economica,122.36,May PLC
629,Deluxe,56.28,Gonzalez Ltd
630,Deluxe,285.25,"Price, Garza and Powell"
631,Economica,192.76,Brown-Peterson
632,Economica,227.22,"Robinson, Odom and Cabrera"
633,Deluxe,52.7,Cole-Mccoy
634,Economica,347.21,Underwood-Lynch
635,Estandar,390.64,Myers Group
636,Estandar,228.45,Grimes LLC
637,Deluxe,278.36,Stewart-Burns
638,Estandar,250.36,Lee PLC
639,Estandar,72.02,Huynh Group
640,Economica,67.52,Bradford and Sons
641,Deluxe,270.18,Tyler-Hunt
642,Economica,292.88,Wiggins and Sons
643,Estandar,94.96,Rivera Inc
644,Estandar,83.06,"Brown, Ortega and Brown"
645,Deluxe,147.51,Bailey-Neal
646,Economica,397.06,Ayers Inc
647,Estandar,121.5,Brooks LLC
648,Estandar,428.26,"Duffy, Haynes and Prince"
649,Economica,53.21,Mathews and Sons
650,Economica,407.78,Martin PLC
651,Economica,333.93,Lyons-Jones
652,Economica,318.72,Clark-Thompson
653,Estandar,90.59,"Wright, Dean and Hill"
654,Estandar,465.26,Bradford-Santana
655,Estandar,283.69,"West, Martinez and Parsons"
656,Deluxe,477.88,West-Charles
657,Deluxe,199.98,Thompson PLC
658,Estandar,132.62,Soto-Lutz
659,Economica,101.33,Pope-Bryant
660,Estandar,414.59,Lucas Ltd
661,Deluxe,81.38,"Goodwin, Decker and Russell"
662,Estandar,403.26,Warner-Allen
663,Estandar,120.18,Lambert-Walker
664,Estandar,87.16,"Johnson, White and Robinson"
665,Estandar,304.51,Martin and Sons
666,Economica,75.04,"Day, Valencia and Payne"
667,Estandar,209.83,Hahn and Sons
668,Economica,117.57,"Smith, Roberts and Rich"
669,Deluxe,334.22,Miller-Matthews
670,Economica,233.72,"Morton, Fernandez and Jackson"
671,Economica,208.58,Fischer Ltd
672,Deluxe,233.28,Ingram-Walker
673,Deluxe,160.27,Smith-Rhodes
674,Economica,218.79,"Bartlett, Gentry and Arias"
675,Estandar,96.57,Bailey Inc
676,Deluxe,219.37,Parsons-Tate
677,Deluxe,369.26,Woodard Ltd
678,Estandar,125.04,Ruiz-Nguyen
679,Deluxe,489.52,Zuniga-King
680,Deluxe,299.75,Martinez-Richardson
681,Economica,499.95,Monroe LLC
682,Deluxe,319.29,Hunt-Ray
683,Economica,419.75,Patterson-Davis
684,Economica,325.53,Fowler-Evans
685,Estandar,116.7,Fox Ltd
686,Estandar,63.25,Hooper-Juarez
687,Economica,277.39,Ross-Roach
688,Deluxe,175.4,Harrison Group
689,Economica,183.2,"Munoz, Gonzalez and Roberts"
690,Estandar,471.16,"Brooks, King and Williams"
691,Estandar,162.96,Jones and Sons
692,Estandar,328.12,"Cisneros, Anderson and Bowers"
693,Deluxe,93.93,"Ward, Brown and Martinez"
694,Deluxe,379.64,Rodriguez Ltd
695,Estandar,378.96,Miller Ltd
696,Deluxe,310.54,Rodgers PLC
697,Deluxe,438.73,Bender-Nunez
698,Deluxe,82.46,Owens-Lewis
699,Estandar,54.65,Thomas Ltd
700,Deluxe,444.29,"Adams, Humphrey and Williams"
701,Estandar,174.64,Scott-Bowen
702,Estandar,452.14,Ramirez Ltd
703,Economica,161.9,Anderson Ltd
704,Economica,309.99,Wagner-Roberts
705,Estandar,121.91,"Vargas, Nash and Joseph"
706,Deluxe,406.99,Hayes-Roberts
707,Estandar,496.84,Norris Group
708,Estandar,358.04,Morris LLC
709,Deluxe,427.56,"Davis, Watson and Johnson"
710,Economica,218.79,Wilson-Douglas
711,Deluxe,271.25,"Paul, Kelly and Graves"
712,Estandar,497.58,"Morris, Williams and Murray"
713,Estandar,144.24,"Moore, Zavala and Rodriguez"
714,Deluxe,300.76,Harris PLC
715,Deluxe,155.67,"Martinez, Jimenez and Mercado"
716,Estandar,82.96,Bridges LLC
717,Deluxe,125.56,Burke-Johnson
718,Deluxe,131.49,Hawkins and Sons
719,Deluxe,486.1,Kennedy PLC
720,Estandar,82.78,"Johnson, Guerra and Gutierrez"
721,Deluxe,279.72,"Caldwell, Randall and Hicks"
722,Economica,87.34,Rodriguez LLC
723,Estandar,175.79,Lawson-Molina
724,Estandar,385.0,Swanson Group
725,Estandar,179.43,"Nguyen, Burke and Greene"
726,Deluxe,243.75,Castillo-Howell
727,Estandar,187.16,Walker PLC
728,Estandar,86.43,Pacheco Inc
729,Deluxe,178.85,Carter Group
730,Economica,413.46,Castro and Sons
731,Economica,184.42,"Harris, Wilson and Doyle"
732,Estandar,368.78,Burke-Glenn
733,Estandar,63.96,"Mcdonald, James and Ray"
734,Estandar,435.31,Lopez-Mcdonald
735,Deluxe,93.07,"Duncan, Santana and Fischer"
736,Deluxe,304.56,"Diaz, Williams and Mercer"
737,Economica,230.15,Hubbard-Thompson
738,Estandar,69.57,"Hayden, Sanchez and Guzman"
739,Estandar,484.71,"Johnson, Oliver and Jackson"
740,Economica,89.03,"Larson, Rogers and Wright"
741,Estandar,355.59,"Brown, Carter and Guerrero"
742,Deluxe,299.44,Powers LLC
743,Economica,139.48,"Arnold, Fleming and Santiago"
744,Deluxe,276.42,Marshall PLC
745,Estandar,335.45,Kirby PLC
746,Deluxe,347.3,Jackson and Sons
747,Estandar,250.51,Perkins and Sons
748,Economica,285.35,Campos-Goodwin
749,Deluxe,65.94,Pena-Arnold
750,Estandar,88.59,Leonard LLC
751,Deluxe,398.38,Arnold PLC
752,Economica,149.26,"Terry, Williams and Tanner"
753,Economica,328.61,Ramirez-Espinoza
754,Economica,114.5,Richmond-Flores
755,Estandar,174.3,Jenkins and Sons
756,Deluxe,305.05,"Maxwell, Harris and Williams"
757,Economica,182.05,Trevino Ltd
758,Economica,499.41,Ramos-Bridges
759,Economica,446.39,"Hunter, Rivas and Johnson"
760,Estandar,438.33,Barry and Sons
761,Deluxe,119.33,Johnson Group
762,Estandar,151.92,Castaneda-Hughes
763,Deluxe,376.59,"Mendoza, Rodriguez and Lopez"
764,Estandar,92.05,"Vega, Lopez and Wang"
765,Economica,482.58,Clay LLC
766,Estandar,211.53,Yates Ltd
767,Deluxe,175.05,Gray LLC
768,Economica,496.42,Poole PLC
769,Deluxe,455.53,"Stanley, Campos and Coleman"
770,Estandar,250.45,Bolton-Smith
771,Deluxe,266.19,"Mcdaniel, Brown and Rice"
772,Economica,145.23,Castillo Group
773,Deluxe,308.57,King-Schneider
774,Estandar,458.46,Henson LLC
775,Economica,339.29,Vincent-Chandler
776,Deluxe,201.43,"Hurley, Henderson and Levine"
777,Estandar,163.39,"Gomez, Yoder and Carlson"
778,Estandar,194.49,"Christensen, Sharp and Mcgee"
779,Deluxe,190.1,Noble-Vaughn
780,Deluxe,137.3,Ward-Acosta
781,Deluxe,127.03,"Chavez, Kemp and Sanders"
782,Economica,296.62,Diaz Inc
783,Deluxe,178.53,Johnston-Richardson
784,Estandar,53.08,Harris-Sanchez
785,Deluxe,206.18,"Todd, King and Turner"
786,Deluxe,290.24,Gardner LLC
787,Deluxe,255.22,Snow-Joyce
788,Estandar,159.14,Wong Inc
789,Deluxe,363.93,Jones PLC
790,Deluxe,78.17,Ramsey LLC
791,Economica,142.57,Rios-Stanley
792,Estandar,474.08,Padilla-Barnett
793,Estandar,486.81,Gibson-Clark
794,Economica,212.08,Schmidt and Sons
795,Estandar,255.65,Willis-Lewis
796,Economica,498.14,Haynes LLC
797,Deluxe,290.73,Walsh-Castillo
798,Economica,120.22,Ellis Ltd
799,Economica,254.43,Lee Ltd
800,Deluxe,207.82,"Woods, Pineda and Nichols"
801,Estandar,333.58,"Lewis, Mccarthy and Cooley"
802,Deluxe,341.69,Hall-Nunez
803,Economica,252.01,Thomas-Soto
804,Estandar,378.32,Thompson-Williams
805,Deluxe,78.13,Alexander-Ferguson
806,Economica,340.72,Sutton PLC
807,Estandar,444.94,Hernandez Ltd
808,Deluxe,389.72,Pham-Strong
809,Economica,233.25,Burgess Inc
810,Estandar,255.32,Vasquez Group
811,Estandar,91.85,"Jones, Orr and Gonzalez"
812,Deluxe,214.91,Martinez and Sons
813,Deluxe,396.98,Gomez-Odonnell
814,Estandar,166.16,Jimenez Ltd
815,Deluxe,423.09,"Mitchell, Ryan and Alexander"
816,Economica,344.28,"Kane, Roberson and Baker"
817,Estandar,216.36,Gonzalez-Nichols
818,Estandar,252.23,Phillips Group
819,Estandar,78.26,Kelley Inc
820,Deluxe,387.24,Nguyen Ltd
821,Deluxe,273.49,"Howell, Sanchez and Rosario"
822,Economica,117.12,Chavez Group
823,Estandar,455.04,King PLC
824,Deluxe,274.55,"Gordon, Olson and Bradley"
825,Deluxe,329.26,"Holden, Flynn and Mitchell"
826,Economica,498.98,"Murphy, Graham and Hill"
827,Deluxe,295.75,Brown Group
828,Deluxe,395.06,"Morris, Cook and Ward"
829,Deluxe,157.07,Banks Inc
830,Deluxe,299.69,Wolfe Ltd
831,Economica,288.42,Estrada Ltd
832,Economica,257.88,"Todd, Lyons and Walton"
833,Economica,237.13,"Lee, Zimmerman and Stevens"
834,Deluxe,229.2,Ayala Inc
835,Estandar,295.75,Jimenez-Turner
836,Estandar,208.56,Lawrence Group
837,Estandar,315.75,Graham PLC
838,Estandar,389.27,Frey Inc
839,Economica,479.82,"Velazquez, Scott and Moore"
840,Deluxe,364.55,Flowers-Washington
841,Estandar,198.17,Yang-Holmes
842,Estandar,436.82,Lamb and Sons
843,Deluxe,423.63,Taylor-Williams
844,Economica,346.79,Lozano-Hamilton
845,Estandar,285.48,Blair Ltd
846,Economica,348.7,Benson-Benson
847,Economica,354.01,Nelson Group
848,Economica,399.36,"Myers, Richards and Pena"
849,Economica,481.66,"Clark, Osborne and Jones"
850,Estandar,376.78,Mayo-Lopez
851,Deluxe,469.94,Klein-Cross
852,Estandar,183.44,"Reyes, Rodriguez and Stone"
853,Estandar,185.44,Martin-Bailey
854,Economica,75.81,Gregory Ltd
855,Estandar,181.34,Ortiz-Russo
856,Estandar,62.73,Adams-May
857,Deluxe,51.45,"Haney, Smith and Stanton"
858,Deluxe,258.33,Morgan-Nelson
859,Economica,256.49,Barnes Inc
860,Estandar,105.05,Bowers Inc
861,Economica,335.19,"Hamilton, Wallace and Hernandez"
862,Estandar,288.52,Parrish Inc
863,Deluxe,389.2,Franco and Sons
864,Estandar,399.62,Baker-Gates
865,Economica,401.52,Todd-Wilson
866,Deluxe,110.98,Obrien and Sons
867,Deluxe,234.28,Dickson LLC
868,Deluxe,271.88,Barr Group
869,Deluxe,435.64,"Jones, Wheeler and Caldwell"
870,Deluxe,358.88,Carlson-Anthony
871,Deluxe,482.84,"Kidd, Khan and Davis"
872,Estandar,467.52,"Ramos, Harris and Anthony"
873,Economica,166.36,"Williams, Davidson and Hobbs"
874,Deluxe,220.5,Kim Inc
875,Estandar,271.13,Miller-Beltran
876,Deluxe,312.84,"Lawrence, Shaw and Moore"
877,Estandar,421.05,"Rocha, Winters and Campbell"
878,Estandar,237.59,Johnson-Yang
879,Estandar,374.79,"Hickman, Kaiser and Rich"
880,Deluxe,91.1,"Gonzalez, Daugherty and Hall"
881,Deluxe,196.11,Powell Ltd
882,Economica,277.46,Roberts PLC
883,Deluxe,150.41,"Rubio, Farley and Smith"
884,Estandar,267.24,Grant-Cantu
885,Estandar,61.81,Allen-Ellis
886,Estandar,74.07,"Barker, Rose and Harvey"
887,Estandar,313.72,Pearson Ltd
888,Estandar,144.43,"Lambert, Lam and Brown"
889,Estandar,464.23,Larson Ltd
890,Deluxe,292.53,Garcia and Sons
891,Deluxe,432.49,Hall-Russell
892,Economica,358.07,Mckee-Sutton
893,Deluxe,126.71,"Mcclure, Holland and Shelton"
894,Economica,320.42,Smith-Grant
895,Deluxe,140.38,Gonzales-Morgan
896,Estandar,172.97,Paul Ltd
897,Economica,250.13,Hampton-Anderson
898,Economica,116.87,Lopez-Carter
899,Estandar,296.68,Gamble-Marshall
900,Economica,340.14,Stone and Sons
901,Economica,120.91,Lowery LLC
902,Deluxe,250.24,"Wilson, Richardson and Medina"
903,Economica,131.26,Washington Inc
904,Estandar,73.3,Duarte-Morris
905,Economica,447.76,Williamson-Mcguire
906,Estandar,350.79,"Aguirre, Case and Turner"
907,Economica,466.68,Boyd-Williams
908,Economica,148.11,Perez-Williams
909,Deluxe,54.2,Wade Group
910,Deluxe,269.88,"Taylor, Murray and Hayes"
911,Economica,304.07,"Villanueva, Pittman and Hayden"
912,Economica,244.07,Kennedy-Solis
913,Economica,490.53,Pope-Pruitt
914,Estandar,72.99,"Harris, Evans and Stephens"
915,Estandar,491.26,Smith and Sons
916,Deluxe,286.91,Martinez Group
917,Economica,492.37,Booth LLC
918,Economica,83.73,Frey-Lewis
919,Estandar,215.59,Morrison-Larson
920,Economica,144.78,Petersen-Rodriguez
921,Deluxe,105.51,"Taylor, Manning and Mcdonald"
922,Deluxe,372.06,White-Martinez
923,Economica,288.71,Rios Group
924,Economica,225.4,"Hartman, Young and Graham"
925,Deluxe,51.4,Hahn-Garcia
926,Estandar,220.32,Boyd Ltd
927,Deluxe,234.52,Wallace Group
928,Economica,217.22,"Rodriguez, Rodriguez and Price"
929,Deluxe,267.63,"Sullivan, Rowe and Adams"
930,Estandar,319.37,Mills-Carpenter
931,Deluxe,187.79,Patton-Smith
932,Economica,484.35,"Martin, Clayton and Walton"
933,Deluxe,446.98,Johnson-Martinez
934,Economica,144.56,Stevens Inc
935,Economica,380.36,"Lopez, Powell and Ayers"
936,Estandar,487.64,"Jacobs, Gomez and Williams"
937,Estandar,71.82,Gomez Ltd
938,Deluxe,324.47,Henderson PLC
939,Economica,329.07,Stephens-Webb
940,Estandar,325.21,Gonzales-Lozano
941,Estandar,415.27,"Hayes, Cervantes and Mcgee"
942,Deluxe,462.35,Moran-Curtis
943,Economica,312.25,"Santiago, Blackwell and Ashley"
944,Estandar,359.83,Miller Group
945,Deluxe,423.1,"Fitzpatrick, Monroe and Santana"
946,Economica,327.04,"Conley, Soto and Smith"
947,Deluxe,116.76,Thompson PLC
948,Estandar,427.24,"Moore, Yang and Campbell"
949,Deluxe,403.74,Russell-Dillon
950,Deluxe,208.17,Marshall-Olson
951,Economica,247.71,Esparza-Jordan
952,Deluxe,198.12,"Khan, Casey and Miller"
953,Estandar,339.69,"Gibson, Austin and Pitts"
954,Deluxe,212.89,Adams-Blake
955,Economica,92.8,Scott-Richardson
956,Economica,302.49,"Bonilla, Moss and Dawson"
957,Deluxe,206.07,"Carter, Martinez and Mcdowell"
958,Economica,138.57,Moore PLC
959,Estandar,487.9,Hernandez-Ray
960,Estandar,302.2,Harris Group
961,Estandar,347.23,Barker-Solomon
962,Economica,305.93,Miller-Mcneil
963,Deluxe,167.86,Moss-Wood
964,Economica,340.09,"Harris, Maldonado and Larson"
965,Deluxe,275.81,Smith Inc
966,Estandar,311.67,Warner LLC
967,Deluxe,249.73,Mcconnell-Waller
968,Deluxe,449.9,Nguyen LLC
969,Economica,456.99,Suarez PLC
970,Economica,224.09,"Cook, Hunt and Porter"
971,Estandar,216.42,"Stevens, Johnson and Davis"
972,Deluxe,377.79,Flores-Lawrence
973,Deluxe,69.17,Levy PLC
974,Deluxe,97.74,"Bass, Christian and Williams"
975,Deluxe,51.81,"Gill, Rios and Howell"
976,Economica,194.58,Anderson and Sons
977,Economica,95.29,Mcdonald-Castro
978,Deluxe,199.83,Horn Ltd
979,Estandar,169.74,Lowe-Martin
980,Economica,334.55,"Gray, Peterson and Trevino"
981,Economica,442.08,"Phillips, Garrison and Lin"
982,Deluxe,340.91,Fleming-Watson
983,Estandar,392.05,Wright-Fisher
984,Estandar,160.34,Freeman PLC
985,Economica,114.77,Heath Inc
986,Estandar,60.55,"Clarke, Johnson and Lewis"
987,Estandar,72.49,Allen-Wilson
988,Estandar,280.78,Williams Inc
989,Deluxe,136.52,Norman Ltd
990,Estandar,75.89,"Richardson, Cooke and Villegas"
991,Economica,219.26,Allen-Frank
992,Estandar,185.82,Romero-Glover
993,Deluxe,476.83,Stewart Group
994,Estandar,85.0,Kirk Ltd
995,Economica,235.33,Shepherd-Lyons
996,Estandar,389.98,Goodwin-Jones
997,Estandar,450.67,Smith-Wilson
998,Economica,293.44,Brooks-Mitchell
999,Economica,152.56,"Riley, Wood and Harmon"
1000,Estandar,417.95,"Young, Walsh and Lee"
